frame_index,timestamp,tracker_frame_present,result_present,reliability_state,overall_quality_score,gate_passed,transition_reason,tracker_update_latency_ms
0,0.0,True,True,HOLD,0.6361588140328726,False,TRACKER_RESULT_AVAILABLE,2000.6653000600636
1,0.05,True,True,HOLD,0.8269569132440836,True,STATE_MAINTAINED,10.027599986642599
2,0.1,True,True,HOLD,0.8286448298839655,True,STATE_MAINTAINED,9.769099997356534
3,0.15,True,True,HOLD,0.8311407468555918,True,STATE_MAINTAINED,9.187399875372648
4,0.2,True,True,HOLD,0.8312400870755093,True,STATE_MAINTAINED,9.376300033181906
5,0.25,True,True,HOLD,0.8323688297884342,True,STATE_MAINTAINED,9.529500035569072
6,0.3,True,True,HOLD,0.832987170467814,True,STATE_MAINTAINED,9.510800009593368
7,0.35,True,True,HOLD,0.8314036631920487,True,STATE_MAINTAINED,10.748900007456541
8,0.4,True,True,HOLD,0.8368782538874474,True,STATE_MAINTAINED,8.787699975073338
9,0.45,True,True,HOLD,0.8383521706440575,True,STATE_MAINTAINED,8.614799939095974
10,0.5,True,True,STABLE,0.8355490874297695,True,STABLE_ENTRY_READY,10.152699891477823
11,0.55,True,True,STABLE,0.8355073293790024,True,STATE_MAINTAINED,10.774100199341774
12,0.6,True,True,STABLE,0.8400914968265644,True,STATE_MAINTAINED,9.357099886983633
13,0.65,True,True,STABLE,0.843527527169014,True,STATE_MAINTAINED,8.853300008922815
14,0.7,True,True,STABLE,0.8432980037248162,True,STATE_MAINTAINED,8.719800040125847
15,0.75,True,True,STABLE,0.8445508605800569,True,STATE_MAINTAINED,9.277299977838993
16,0.8,True,True,STABLE,0.8438089132738412,True,STATE_MAINTAINED,9.536799974739552
17,0.85,True,True,STABLE,0.8471971935437371,True,STATE_MAINTAINED,9.052100125700235
18,0.9,True,True,STABLE,0.8462667465484193,True,STATE_MAINTAINED,9.386999998241663
19,0.95,True,True,STABLE,0.8502950276170547,True,STATE_MAINTAINED,8.64629982970655
20,1.0,True,True,STABLE,0.8497368296727341,True,STATE_MAINTAINED,8.832300081849098
21,1.05,True,True,STABLE,0.8466814965051092,True,STATE_MAINTAINED,9.221100015565753
22,1.1,True,True,STABLE,0.8449741631244423,True,STATE_MAINTAINED,9.070700034499168
23,1.15,True,True,STABLE,0.8425802537892413,True,STATE_MAINTAINED,9.006900014355779
24,1.2,True,True,STABLE,0.8417467463337308,True,STATE_MAINTAINED,8.695000084117055
25,1.25,True,True,STABLE,0.8378790877092408,True,STATE_MAINTAINED,9.220699779689312
26,1.3,True,True,STABLE,0.837733943744873,True,STATE_MAINTAINED,9.087400045245886
27,1.35,True,True,STABLE,0.8361591102089733,True,STATE_MAINTAINED,8.88400012627244
28,1.4,True,True,STABLE,0.8327951632403882,True,STATE_MAINTAINED,8.942299988120794
29,1.45,True,True,STABLE,0.8306512540625808,True,STATE_MAINTAINED,8.778499905019999
30,1.5,True,True,STABLE,0.8220226130943814,True,STATE_MAINTAINED,74.53710003755987
31,1.55,True,True,STABLE,0.945484892282054,True,STATE_MAINTAINED,9.820100152865052
32,1.6,True,True,STABLE,0.9407026352479857,True,STATE_MAINTAINED,9.837700054049492
33,1.65,True,True,STABLE,0.9359295520274392,True,STATE_MAINTAINED,9.663600008934736
34,1.7,True,True,STABLE,0.9319699685984404,True,STATE_MAINTAINED,9.164100047200918
35,1.75,True,True,STABLE,0.9230373091716719,True,STATE_MAINTAINED,10.465800063684583
36,1.8,True,True,STABLE,0.9193809760145001,True,STATE_MAINTAINED,9.844999993219972
37,1.85,True,True,STABLE,0.915282968660921,True,STATE_MAINTAINED,9.58890002220869
38,1.9,True,True,STABLE,0.9107588855901536,True,STATE_MAINTAINED,9.315199917182326
39,1.95,True,True,STABLE,0.9054393022828228,True,STATE_MAINTAINED,9.359699906781316
40,2.0,True,True,STABLE,0.9000916422143357,True,STATE_MAINTAINED,9.227400179952383
41,2.05,True,True,STABLE,0.8936377714781317,True,STATE_MAINTAINED,9.459699969738722
42,2.1,True,True,STABLE,0.886821226227758,True,STATE_MAINTAINED,10.368899907916784
43,2.15,True,True,STABLE,0.8841523324760298,True,STATE_MAINTAINED,9.99510008841753
44,2.2,True,True,STABLE,0.8787588091520993,True,STATE_MAINTAINED,9.427200071513653
45,2.25,True,True,STABLE,0.874576301737172,True,STATE_MAINTAINED,9.204900125041604
46,2.3,True,True,STABLE,0.8685249498572775,True,STATE_MAINTAINED,8.980999933555722
47,2.35,True,True,STABLE,0.8611115213643986,True,STATE_MAINTAINED,9.970200015231967
48,2.4,True,True,STABLE,0.8575402260867037,True,STATE_MAINTAINED,9.581299964338541
49,2.45,True,True,STABLE,0.8519389686371313,True,STATE_MAINTAINED,9.926500031724572
50,2.5,True,True,STABLE,0.8482128852398869,True,STATE_MAINTAINED,9.333600057289004
51,2.55,True,True,STABLE,0.8442422832665919,True,STATE_MAINTAINED,9.527399903163314
52,2.6,True,True,STABLE,0.8433311429837498,True,STATE_MAINTAINED,9.43159987218678
53,2.65,True,True,STABLE,0.8421343853816192,True,STATE_MAINTAINED,9.265000000596046
54,2.7,True,True,STABLE,0.8393382256028331,True,STATE_MAINTAINED,9.362100157886744
55,2.75,True,True,STABLE,0.8367991425826924,True,STATE_MAINTAINED,9.544400032609701
56,2.8,True,True,STABLE,0.8334273093333867,True,STATE_MAINTAINED,10.059799998998642
57,2.85,True,True,STABLE,0.8322895330680488,True,STATE_MAINTAINED,9.308499982580543
58,2.9,True,True,STABLE,0.830783392911196,True,STATE_MAINTAINED,9.450699901208282
59,2.95,True,True,STABLE,0.8245298658180314,True,STATE_MAINTAINED,10.745700215920806
60,3.0,True,True,STABLE,0.8264941527227934,True,STATE_MAINTAINED,77.38889986649156
61,3.05,True,True,STABLE,0.9499226644899474,True,STATE_MAINTAINED,8.6302999407053
62,3.1,True,True,STABLE,0.9421730807237727,True,STATE_MAINTAINED,9.646800113841891
63,3.15,True,True,STABLE,0.93749799766737,True,STATE_MAINTAINED,9.43350000306964
64,3.2,True,True,STABLE,0.934265913957149,True,STATE_MAINTAINED,8.643000153824687
65,3.25,True,True,STABLE,0.9298098308220906,True,STATE_MAINTAINED,8.342100074514747
66,3.3,True,True,STABLE,0.9228759977377109,True,STATE_MAINTAINED,9.032299974933267
67,3.35,True,True,STABLE,0.9177062406634093,True,STATE_MAINTAINED,9.20489989221096
68,3.4,True,True,STABLE,0.913672330994199,True,STATE_MAINTAINED,8.547100005671382
69,3.45,True,True,STABLE,0.9091654971816666,True,STATE_MAINTAINED,8.266500197350979
70,3.5,True,True,STABLE,0.9034411639937909,True,STATE_MAINTAINED,8.472900139167905
71,3.55,True,True,STABLE,0.8958763307612789,True,STATE_MAINTAINED,9.415500098839402
72,3.6,True,True,STABLE,0.8899927472339101,True,STATE_MAINTAINED,9.68560017645359
73,3.65,True,True,STABLE,0.8881492407490612,True,STATE_MAINTAINED,8.52769985795021
74,3.7,True,True,STABLE,0.881208831067237,True,STATE_MAINTAINED,9.032499976456165
75,3.75,True,True,STABLE,0.8756372475872837,True,STATE_MAINTAINED,9.177800035104156
76,3.8,True,True,STABLE,0.8716919145578297,True,STATE_MAINTAINED,8.672599913552403
77,3.85,True,True,STABLE,0.866440080893266,True,STATE_MAINTAINED,8.690000046044588
78,3.9,True,True,STABLE,0.8607858045097394,True,STATE_MAINTAINED,8.495300076901913
79,3.95,True,True,STABLE,0.8554804141664656,True,STATE_MAINTAINED,8.907200070098042
80,4.0,True,True,STABLE,0.8508730813349066,True,STATE_MAINTAINED,8.666799869388342
81,4.05,True,True,STABLE,0.849321323940014,True,STATE_MAINTAINED,8.642199914902449
82,4.1,True,True,STABLE,0.8476959140537086,True,STATE_MAINTAINED,8.271000115200877
83,4.15,True,True,STABLE,0.8453518307721641,True,STATE_MAINTAINED,8.375300094485283
84,4.2,True,True,STABLE,0.8419103047182737,True,STATE_MAINTAINED,8.545499993488193
85,4.25,True,True,STABLE,0.838472471548488,True,STATE_MAINTAINED,9.087299928069115
86,4.3,True,True,STABLE,0.8375351376281384,True,STATE_MAINTAINED,8.628900162875652
87,4.35,True,True,STABLE,0.8358415546432091,True,STATE_MAINTAINED,8.473000023514032
88,4.4,True,True,STABLE,0.8333994143441098,True,STATE_MAINTAINED,8.989599999040365
89,4.45,True,True,STABLE,0.8301363910145615,True,STATE_MAINTAINED,8.819499984383583
90,4.5,True,True,STABLE,0.8047384031716613,True,STATE_MAINTAINED,99.01680005714297
91,4.55,True,True,STABLE,0.9456305414702522,True,STATE_MAINTAINED,9.571800008416176
92,4.6,True,True,STABLE,0.9411044583842558,True,STATE_MAINTAINED,9.298899909481406
93,4.65,True,True,STABLE,0.9320671244167812,True,STATE_MAINTAINED,10.830500163137913
94,4.7,True,True,STABLE,0.9315737914791109,True,STATE_MAINTAINED,8.94450000487268
95,4.75,True,True,STABLE,0.9238059584470866,True,STATE_MAINTAINED,9.968299884349108
96,4.8,True,True,STABLE,0.9196781251921408,True,STATE_MAINTAINED,9.536099852994084
97,4.85,True,True,STABLE,0.9143185415802302,True,STATE_MAINTAINED,9.596599964424968
98,4.9,True,True,STABLE,0.9100559203580247,True,STATE_MAINTAINED,8.952399948611856
99,4.95,True,True,STABLE,0.905812124616196,True,STATE_MAINTAINED,8.832500083371997
100,5.0,True,True,STABLE,0.8997892914837005,True,STATE_MAINTAINED,9.158300003036857
101,5.05,True,True,STABLE,0.8928070148834292,True,STATE_MAINTAINED,9.494800120592117
102,5.1,True,True,STABLE,0.8893863746306948,True,STATE_MAINTAINED,9.152800077572465
103,5.15,True,True,STABLE,0.8842820415071921,True,STATE_MAINTAINED,9.111199993640184
104,5.2,True,True,STABLE,0.8787772650978792,True,STATE_MAINTAINED,8.856700034812093
105,5.25,True,True,STABLE,0.8744618747259579,True,STATE_MAINTAINED,8.872600039467216
106,5.3,True,True,STABLE,0.8682485413070546,True,STATE_MAINTAINED,9.274600073695183
107,5.35,True,True,STABLE,0.8627972084517059,True,STATE_MAINTAINED,9.371799882501364
108,5.4,True,True,STABLE,0.8572476251392714,True,STATE_MAINTAINED,9.508299874141812
109,5.45,True,True,STABLE,0.8536892915641667,True,STATE_MAINTAINED,8.848299970850348
110,5.5,True,True,STABLE,0.8487977839892533,True,STATE_MAINTAINED,8.909600088372827
111,5.55,True,True,STABLE,0.8440881822096138,True,STATE_MAINTAINED,9.39899985678494
112,5.6,True,True,STABLE,0.8435618676209005,True,STATE_MAINTAINED,9.337299969047308
113,5.65,True,True,STABLE,0.8416417081095677,True,STATE_MAINTAINED,9.084000019356608
114,5.7,True,True,STABLE,0.8403806249254472,True,STATE_MAINTAINED,8.755099959671497
115,5.75,True,True,STABLE,0.8385168674831391,True,STATE_MAINTAINED,8.855300024151802
116,5.8,True,True,STABLE,0.8343869583169398,True,STATE_MAINTAINED,9.485899936407804
117,5.85,True,True,STABLE,0.832022874301029,True,STATE_MAINTAINED,9.5982002094388
118,5.9,True,True,STABLE,0.8317875410694408,True,STATE_MAINTAINED,8.85900016874075
119,5.95,True,True,STABLE,0.8290244580898833,True,STATE_MAINTAINED,9.130900027230382
120,6.0,True,True,STABLE,0.8164737541011727,False,STATE_MAINTAINED,102.36749984323978
121,6.05,True,True,STABLE,0.9471237326266819,True,STATE_MAINTAINED,9.032399859279394
122,6.1,True,True,STABLE,0.9432385539330769,True,STATE_MAINTAINED,8.610300021246076
123,6.15,True,True,STABLE,0.936735856568754,True,STATE_MAINTAINED,8.674100041389465
124,6.2,True,True,STABLE,0.9298887732718167,True,STATE_MAINTAINED,9.32960002683103
125,6.25,True,True,STABLE,0.9258920542124885,True,STATE_MAINTAINED,9.298899909481406
126,6.3,True,True,STABLE,0.9208516935083575,True,STATE_MAINTAINED,8.704100036993623
127,6.35,True,True,STABLE,0.9111626101078647,True,STATE_MAINTAINED,10.496400063857436
128,6.4,True,True,STABLE,0.9094015158000621,True,STATE_MAINTAINED,8.522900054231286
129,6.45,True,True,STABLE,0.9018165234625815,True,STATE_MAINTAINED,8.597000036388636
130,6.5,True,True,STABLE,0.8961109401264392,True,STATE_MAINTAINED,8.795900037512183
131,6.55,True,True,STABLE,0.8910441612188581,True,STATE_MAINTAINED,8.372500073164701
132,6.6,True,True,STABLE,0.8802113084311198,True,STATE_MAINTAINED,10.04389999434352
133,6.65,True,True,STABLE,0.8785117247485777,True,STATE_MAINTAINED,8.640400134027004
134,6.7,True,True,STABLE,0.8726631029954232,True,STATE_MAINTAINED,8.563200011849403
135,6.75,True,True,STABLE,0.8670891185355994,True,STATE_MAINTAINED,8.400799939408898
136,6.8,True,True,STABLE,0.8611890957233773,True,STATE_MAINTAINED,8.34579998627305
137,6.85,True,True,STABLE,0.8541455118004323,True,STATE_MAINTAINED,8.76959995366633
138,6.9,True,True,STABLE,0.8488227584040888,True,STATE_MAINTAINED,8.775399997830391
139,6.95,True,True,STABLE,0.8291868881352371,True,STATE_MAINTAINED,8.752099936828017
140,7.0,True,True,STABLE,0.7997691351832351,True,STATE_MAINTAINED,8.922999957576394
141,7.05,True,True,STABLE,0.8002740059787583,True,STATE_MAINTAINED,9.100700030103326
142,7.1,True,True,STABLE,0.7987531582719846,True,STATE_MAINTAINED,9.622700046747923
143,7.15,True,True,STABLE,0.7968214707254571,True,STATE_MAINTAINED,9.127700002864003
144,7.2,True,True,STABLE,0.7950156371768392,True,STATE_MAINTAINED,9.016700088977814
145,7.25,True,True,STABLE,0.7931178247423148,True,STATE_MAINTAINED,8.807099889963865
146,7.3,True,True,STABLE,0.7931869303833773,True,STATE_MAINTAINED,8.807400008663535
147,7.35,True,True,STABLE,0.8135642881402126,True,STATE_MAINTAINED,9.066900005564094
148,7.4,True,True,STABLE,0.7970871970346296,True,STATE_MAINTAINED,8.990900125354528
149,7.45,True,True,STABLE,0.7813094896933562,True,STATE_MAINTAINED,8.887500036507845
150,7.5,True,True,STABLE,0.763983342447156,True,STATE_MAINTAINED,76.60959986969829
151,7.55,True,True,STABLE,0.9014577884581325,True,STATE_MAINTAINED,9.111399995163083
152,7.6,True,True,STABLE,0.9003678710459123,True,STATE_MAINTAINED,9.333800058811903
153,7.65,True,True,STABLE,0.9069708148242879,True,STATE_MAINTAINED,8.896499872207642
154,7.7,True,True,STABLE,0.9009500224986408,True,STATE_MAINTAINED,11.139900190755725
155,7.75,True,True,STABLE,0.9094491456092252,True,STATE_MAINTAINED,8.709999965503812
156,7.8,True,True,STABLE,0.9045020344123205,True,STATE_MAINTAINED,8.680100087076426
157,7.85,True,True,STABLE,0.8808742610695166,True,STATE_MAINTAINED,10.452399961650372
158,7.9,True,True,STABLE,0.8798853283915433,True,STATE_MAINTAINED,9.00670001283288
159,7.95,True,True,STABLE,0.8751948084166475,True,STATE_MAINTAINED,8.935200050473213
160,8.0,True,True,STABLE,0.8704829753714505,True,STATE_MAINTAINED,8.736599935218692
161,8.05,True,True,STABLE,0.8775314512328216,True,STATE_MAINTAINED,8.743599988520145
162,8.1,True,True,STABLE,0.8736301135160116,True,STATE_MAINTAINED,8.898800006136298
163,8.15,True,True,STABLE,0.8672550303206555,True,STATE_MAINTAINED,9.365499950945377
164,8.2,True,True,STABLE,0.8624134465785164,True,STATE_MAINTAINED,9.21880011446774
165,8.25,True,True,STABLE,0.8584849924008319,True,STATE_MAINTAINED,8.786600083112717
166,8.3,True,True,STABLE,0.8530669095076266,True,STATE_MAINTAINED,8.870499907061458
167,8.35,True,True,STABLE,0.8469370103685755,True,STATE_MAINTAINED,8.910499978810549
168,8.4,True,True,STABLE,0.8237501028654649,True,STATE_MAINTAINED,9.044099831953645
169,8.45,True,True,STABLE,0.8236655551480324,True,STATE_MAINTAINED,8.807700127363205
170,8.5,True,True,STABLE,0.832288651274023,True,STATE_MAINTAINED,8.896799990907311
171,8.55,True,True,STABLE,0.8307343374099694,True,STATE_MAINTAINED,9.085900150239468
172,8.6,True,True,STABLE,0.8278032342175047,True,STATE_MAINTAINED,9.024300146847963
173,8.65,True,True,STABLE,0.8266906710978087,True,STATE_MAINTAINED,9.036700008437037
174,8.7,True,True,STABLE,0.8252148264932611,True,STATE_MAINTAINED,8.84570018388331
175,8.75,True,True,STABLE,0.8221837432192493,True,STATE_MAINTAINED,9.2248001601547
176,8.8,True,True,STABLE,0.8207069104295699,True,STATE_MAINTAINED,8.982199942693114
177,8.85,True,True,STABLE,0.8187038268341847,True,STATE_MAINTAINED,8.950100047513843
178,8.9,True,True,STABLE,0.8169214934645075,True,STATE_MAINTAINED,8.829700062051415
179,8.95,True,True,STABLE,0.8153046708492052,True,STATE_MAINTAINED,8.591100107878447
180,9.0,True,True,STABLE,0.8312281981391526,True,STATE_MAINTAINED,83.84239999577403
181,9.05,True,True,STABLE,0.9348302425186935,True,STATE_MAINTAINED,8.431899826973677
182,9.1,True,True,STABLE,0.9296954930677305,True,STATE_MAINTAINED,8.4198999684304
183,9.15,True,True,STABLE,0.9244449097037231,True,STATE_MAINTAINED,8.436799980700016
184,9.2,True,True,STABLE,0.9154860763339863,True,STATE_MAINTAINED,9.93699999526143
185,9.25,True,True,STABLE,0.9157091529801501,True,STATE_MAINTAINED,8.199499920010567
186,9.3,True,True,STABLE,0.9101972737846388,True,STATE_MAINTAINED,8.33979994058609
187,9.35,True,True,STABLE,0.9031918263756276,True,STATE_MAINTAINED,8.604699978604913
188,9.4,True,True,STABLE,0.8968496589446915,True,STATE_MAINTAINED,9.040799923241138
189,9.45,True,True,STABLE,0.891812825171014,True,STATE_MAINTAINED,8.972200099378824
190,9.5,True,True,STABLE,0.8855899834044302,True,STATE_MAINTAINED,8.925299858674407
191,9.55,True,True,STABLE,0.8823589197996493,True,STATE_MAINTAINED,8.535099914297462
192,9.6,True,True,STABLE,0.874839575091114,True,STATE_MAINTAINED,9.511500131338835
193,9.65,True,True,STABLE,0.872724752688481,True,STATE_MAINTAINED,8.222100092098117
194,9.7,True,True,STABLE,0.8657359451021466,True,STATE_MAINTAINED,8.405500091612339
195,9.75,True,True,STABLE,0.8588493361696712,True,STATE_MAINTAINED,9.605600032955408
196,9.8,True,True,STABLE,0.8555885025315718,True,STATE_MAINTAINED,8.826600154861808
197,9.85,True,True,STABLE,0.850381500838569,True,STATE_MAINTAINED,8.740399964153767
198,9.9,True,True,STABLE,0.8461600754556411,True,STATE_MAINTAINED,8.483299985527992
199,9.95,True,True,STABLE,0.8396563341511376,True,STATE_MAINTAINED,8.863799972459674
